Actual,ARIMA,Prophet,LSTM,XGBoost,Simple_Average,Weighted_Ensemble,Volatility,Regime,Dynamic_Ensemble,Stacking,Market_Return,Predicted_Return,Signal,Strategy_Return,Market_Cumulative,Strategy_Cumulative
31.7833,37.1281,4.877649397744398,27.290205,26.44048,23.9341085994361,29.616518894615737,0.01706231837979149,High,25.10660215966166,29.616518894615737,-0.0018716888223120343,-0.005931344836843211,-1,0.0018716888223120343,0.998128311177688,1.001871688822312
31.9613,37.1281,4.848674483499692,27.220917,26.116337,23.828507120874924,29.513489464592755,0.014219571170941074,Low,22.69245916922489,29.513489464592755,0.005600425380624552,-0.0034787825804103445,0,-0.005600425380624552,1.0037182543047274,0.9962607811881024
31.5963,37.1281,4.8539047432058124,27.079212,26.01281,23.768506685801455,29.450437336099675,0.014523734289141083,Low,22.657504960122033,29.450437336099675,-0.011420061136436899,-0.002136383383900542,0,-0.0,0.9922557304768097,0.9962607811881024
31.5064,37.1281,4.848806089098123,26.91543,26.383871,23.819051772274534,29.502445962464122,0.01453731189623093,Low,22.686812281184345,29.502445962464122,-0.0028452698575466284,0.0017659712747524203,0,-0.0,0.9894324951559061,0.9962607811881024
32.1148,37.1281,4.8514949235019005,26.75956,26.938929,23.919520980875475,29.604162055791424,0.011813968783758243,Low,22.747631573225664,29.604162055791424,0.019310362339080456,0.003447717299667863,0,0.0,1.0085387951474272,0.9962607811881024
32.6628,37.1281,4.853496306569692,26.645977,26.640518,23.817022826642425,29.498311616808333,0.010023841231536714,Low,22.68653295729939,29.498311616808333,0.017063783676061872,-0.003575525589395334,0,0.0,1.025748282976739,0.9962607811881024
33.0553,37.1281,4.849275253134498,26.533175,26.738756,23.812326563283627,29.493800026303198,0.0100655978228403,Low,22.682870988597074,29.493800026303198,0.012016728510721775,-0.00015294402485610537,0,0.0,1.0380744216136095,0.9962607811881024
32.6463,37.1281,4.857666324793218,26.442135,26.54176,23.742415331198305,29.42022612458868,0.010871076454038318,Low,22.642602463677626,29.42022612458868,-0.012373204902088486,-0.0024945548436926535,0,-0.0,1.0252301140913673,0.9962607811881024
31.8803,37.1281,4.8529689659267135,26.356813,26.986301,23.831045741481677,29.51150948220188,0.012525676641940951,Low,22.69484123807435,29.51150948220188,-0.023463608433421212,0.003102741536609388,0,-0.0,1.0011745161401757,0.9962607811881024
32.2598,37.1281,4.853265218341393,26.33216,25.630877,23.48610055458535,29.158051768137074,0.012354631832740213,Low,22.487933376419488,29.158051768137074,0.011903903037298935,-0.011976944597766992,-1,0.0,1.013092400503723,0.9962607811881024
32.2027,37.1281,4.850110350830326,26.210184,25.919447,23.526960337707585,29.1999589781941,0.012216641515904679,Low,22.511818272790613,29.1999589781941,-0.0017700047737431168,0.001437243146087619,0,0.0017700047737431168,1.0112992221185886,0.9980241675266984
31.6594,37.1281,4.815080179563344,26.090971,25.455069,23.372305044890837,29.047605232142885,0.01309690929556234,Low,22.41201906284717,29.047605232142885,-0.016871256136907764,-0.005217601372830338,-1,-0.0,0.9942373339111703,0.9980241675266984
32.0047,37.1281,4.808791344153158,25.941277,25.139555,23.25443083603829,28.927402649936536,0.013175339349908267,Low,22.340036770453604,28.927402649936536,0.010906713330006257,-0.004138123650666348,0,-0.010906713330006257,1.0050811954941292,0.9871390040350666
32.5797,37.1281,4.787686918628179,25.775724,25.29867,23.247545229657046,28.92358273759144,0.013556224263501539,Low,22.33168452151986,28.92358273759144,0.01796611122741365,-0.00013205168785190846,0,0.0,1.0231385960449586,0.9871390040350666
31.8604,37.1281,4.770197119999658,25.624264,24.610157,23.033179529999916,28.706644813696947,0.014756996783320373,Low,22.19956714199988,28.706644813696947,-0.02207816523786299,-0.007500382157447638,-1,-0.0,1.000549573060243,0.9871390040350666
30.9787,37.1281,4.7482549512301215,25.436352,24.543985,22.96417298780753,28.639259683421557,0.016093698667698778,Low,22.15377478293054,28.639259683421557,-0.02767385218013585,-0.0023473704681515883,0,0.02767385218013585,0.9728605120764757,1.0144569429139796
30.9985,37.1281,4.654883621308337,25.259872,25.69606,23.184728905327088,28.881883797854773,0.015261672061178806,Low,22.26743406745792,28.881883797854773,0.0006391488345218743,0.008471731361605839,1,0.0,0.9734823147389218,1.0144569429139796
31.5971,37.1281,4.62984788211591,25.16587,26.128733,23.263137720528977,28.966472279306192,0.015502777622081925,Low,22.309472208740566,28.966472279306192,0.019310611803796895,0.0029287729998312972,0,0.019310611803796895,0.9922808538167067,1.034046727130258
31.4737,37.1281,4.591002212340237,25.169153,26.377882,23.31653430308506,29.028456551310235,0.014956567216263773,Low,22.333741024319085,29.028456551310235,-0.0039054217000927816,0.002139862645556878,0,-0.0,0.9884055786376243,1.034046727130258
32.0296,37.1281,4.557136829556726,25.211802,25.625824,23.13071570738918,28.844674034544404,0.015402009794086367,Low,22.21547679034486,28.844674034544404,0.01766236572122115,-0.006331115691286526,-1,0.0,1.0058631594484173,1.034046727130258
31.3464,37.1281,4.520511235576468,25.224737,25.70548,23.14470705889412,28.865925339739817,0.016149853913599688,Low,22.21654648245176,28.865925339739817,-0.02133026950071193,0.0007367497088011099,0,0.02133026950071193,0.984407827176545,1.0561032224962754
31.7316,37.1281,4.196981399837783,25.245026,26.232893,23.200750099959446,28.984053174853557,0.01635226560154199,Low,22.185466339943225,28.984053174853557,0.012288492458464084,0.004092293377864209,0,0.0,0.9965047153368569,1.0561032224962754
31.9609,37.1281,4.166410608912467,25.299112,26.519102,23.278181152228118,29.069324641592964,0.016211831680872566,Low,22.225810813119367,29.069324641592964,0.007226235046452034,0.0029420131899766666,0,0.0,1.0037056926347787,1.0561032224962754
31.5493,37.1281,4.1246539328452085,25.380362,24.289032,22.7305369832113,28.516606389122863,0.0164802850551692,Low,21.888872976495826,28.516606389122863,-0.012878235594116605,-0.01901379750939447,-1,-0.0,0.990779734257872,1.0561032224962754
31.6968,37.1281,4.0905260182916905,25.31674,24.617414,22.788195004572923,28.58177869435021,0.0159017309250243,Low,21.916642206402088,28.58177869435021,0.0046752225881399045,0.0022854158849772155,0,-0.0046752225881399045,0.9954118500513457,1.0511657048550536
30.1001,37.1281,4.05625590145879,25.23118,24.602648,22.7545459753647,28.553364698759697,0.01885033975816398,High,23.619493185218815,28.553364698759697,-0.0503741702632442,-0.0009941297179005826,0,-0.0,0.9452688040348083,1.0511657048550536
31.1209,37.1281,3.953317090708832,25.148796,24.524273,22.68862152267721,28.50477860747846,0.02039631698590593,High,23.547786713606328,28.50477860747846,0.03391350859299469,-0.0017015889998892586,0,0.0,0.9773261857431326,1.0511657048550536
30.9426,37.1281,3.934276494063039,25.061344,25.144398,22.817029623515758,28.639481530268398,0.020286192510377714,High,23.731366174109453,28.639481530268398,-0.005729268755080952,0.004725625995726901,0,-0.0,0.971726821363632,1.0511657048550536
31.8493,37.1281,3.9058126949801286,25.038631,24.866465,22.734752173745033,28.56044835969739,0.020837185902254928,High,23.62187050424702,28.56044835969739,0.029302644250967846,-0.002759588035400773,0,0.0,1.0002009867191743,1.0511657048550536
31.8719,37.1281,3.886466649160503,25.025677,26.286058,23.081575412290128,28.919235813697476,0.02065465107762044,High,24.111292247374074,28.919235813697476,0.000709591733570214,0.012562388709078665,1,0.0,1.0009107210712591,1.0511657048550536
32.3025,37.1281,3.8681753642994208,25.125347,26.862957,23.24614484107486,29.091652399361596,0.020882678441951772,High,24.345347704644915,29.091652399361596,0.013510333554008547,0.005962003518172443,1,0.013510333554008547,1.014433358770715,1.06536730414818
32.8367,37.1281,3.81731621632524,25.301292,26.052134,23.07471055408131,28.926369872744964,0.020767370234377188,High,24.115511532448785,28.926369872744964,0.016537419704357292,-0.0056814416846345805,-1,0.016537419704357292,1.0312094689868072,1.082985730396178
33.7921,37.1281,3.816015198712594,25.457914,26.362247,23.19106904967815,29.04647289837357,0.02155952502790679,High,24.27867362980689,29.04647289837357,0.029095493761553293,0.0041520255101823444,0,-0.029095493761553293,1.0612130176585675,1.0514757258335847
34.0478,37.1281,3.8050095891031246,25.618689,27.130869,23.420666897275783,29.28439328973377,0.021302009218504274,High,24.60231173836547,29.28439328973377,0.0075668573423968155,0.00819102519581727,1,0.0,1.0692430651730842,1.0514757258335847
35.0303,37.1281,3.802587810737796,25.83942,27.03976,23.45246695268445,29.31838131084409,0.021263259849353632,High,24.64731617161067,29.31838131084409,0.02885648999347956,0.0011606189267452383,0,0.02885648999347956,1.1000976669838487,1.0818176245944882
35.4797,37.1281,3.800461381991748,26.05345,26.357182,23.334798345497937,29.199198191649508,0.019873948464991797,High,24.483005407298762,29.199198191649508,0.01282889384333008,-0.004065132993904319,0,0.0,1.1142107031708797,1.0818176245944882
36.2259,37.1281,3.791761757300929,26.20443,25.702477,23.206692189325235,29.0702814539098,0.020052996979067195,High,24.305396713595137,29.0702814539098,0.021031744913288408,-0.004415078006373974,0,0.0,1.1376444984596252,1.0818176245944882
36.8584,37.1281,3.801982099933401,26.28593,26.044504,23.315129024983353,29.1797834178182,0.020002334759219146,High,24.45516421499001,29.1797834178182,0.017459883674387777,0.003766800953819871,0,0.0,1.1575076390655374,1.0818176245944882
36.3559,37.1281,3.801110358191786,26.343056,27.00696,23.569806589547944,29.441038342688916,0.020419020718717134,High,24.81188715372877,29.441038342688916,-0.013633255919953235,0.008953285263631594,1,-0.0,1.1417270411928562,1.0818176245944882
35.7002,37.1281,3.807413551128001,26.455288,26.07141,23.365552887782002,29.23114964799979,0.021029174789114414,High,24.5246713326692,29.23114964799979,-0.018035587071149273,-0.007129119980282539,-1,-0.018035587071149273,1.1211353237299369,1.0623064086310103
36.3457,37.1281,3.8126134105134977,26.481062,25.977732,23.349876852628377,29.214232164558283,0.020197897243515846,High,24.501684911577023,29.214232164558283,0.018081131198144584,-0.0005787484804814502,0,-0.018081131198144584,1.141406718609172,1.0430987070839233
36.4036,37.1281,3.818009117819556,26.49471,25.156282,23.14927527945489,29.007823391111906,0.020209418849055742,High,24.219763567672935,29.007823391111906,0.0015930357648910043,-0.007065349939156862,-1,0.0,1.1432250203342034,1.0430987070839233
36.8791,37.1281,3.830577275162888,26.453077,25.35995,23.192926068790722,29.049993179707528,0.020253615683655756,High,24.278361041274433,29.049993179707528,0.013061894977419941,0.0014537384631396755,0,-0.013061894977419941,1.1581577054853676,1.0294738613209105
36.6367,37.1281,3.831054912992341,26.375334,26.290848,23.406334228248085,29.268137649194106,0.019968770422565296,High,24.57703693694885,29.268137649194106,-0.006572828512626527,0.007509277821068805,1,-0.0,1.1505453334966351,1.0294738613209105
36.4284,37.1281,3.768416163908415,26.353617,25.993423,23.310889040977102,29.182027830011094,0.020184432850637313,High,24.455941424586264,29.182027830011094,-0.0056855557405550705,-0.002942101073020731,0,-0.0056855557405550705,1.1440038438710045,1.023620730298926
36.5989,37.1281,3.7733288072914455,26.323587,26.418093,23.410777201822864,29.28328177419628,0.015014870425749319,Low,22.226752082552004,29.28328177419628,0.004680414182341108,0.0034697363999172115,0,0.0,1.1493582556865112,1.023620730298926
35.5687,37.1281,3.774483137891437,26.308544,25.888577,23.27492603447286,29.143860291705778,0.01616605071595111,Low,22.145472248262003,29.143860291705778,-0.028148386973378958,-0.004761129014349663,0,-0.0,1.1170056747343995,1.023620730298926
35.0736,37.1281,3.78485764185867,26.274384,25.722393,23.22743366046467,29.093124631736277,0.01659876976864728,Low,22.119051724650532,29.093124631736277,-0.013919541619457632,-0.0017408695849375766,0,-0.0,1.1014574677557636,1.023620730298926
33.6347,37.1281,3.782894810046932,26.235668,25.71488,23.215385702511732,29.080983809014253,0.01879870345071907,High,24.31934102150704,29.080983809014253,-0.04102515852378985,-0.00041730899914338426,0,-0.0,1.0562700005338712,1.023620730298926
33.8964,37.1281,3.7870449772986743,26.204763,25.130936,23.062710994324668,28.92370076457268,0.018821826254521085,High,24.1047663965948,28.92370076457268,0.007780655097265443,-0.005408449916086466,-1,0.0,1.0644884730976136,1.023620730298926
33.6973,37.1281,3.789199873945471,26.143959,25.13457,23.04895721848637,28.908944544697356,0.01876484308337399,High,24.08508013109182,28.908944544697356,-0.005873780106442017,-0.00051017744912496,0,0.005873780106442017,1.058235901880796,1.0296332533810972
33.3677,37.1281,3.7815318455498383,26.073723,25.71527,23.17465621138746,29.038816423907686,0.01863505818858323,High,24.262592326832475,29.038816423907686,-0.009781199087167236,0.004492446239589665,0,-0.0,1.047885085843312,1.0296332533810972
33.4157,37.1281,3.788802574183052,26.015762,24.899837,22.958125393545764,28.81542855733181,0.017424824796575464,High,23.957995036127457,28.81542855733181,0.00143851688908736,-0.007692733178751743,-1,0.0,1.0493924862371202,1.0296332533810972
33.5891,37.1281,3.783638950217081,25.91709,25.474323,23.07578798755427,28.936475882766835,0.017375543854076293,High,24.12375539253256,28.936475882766835,0.0051891775422929776,0.004200781716440005,0,-0.0051891775422929776,1.0548379701597528,1.024290303625854
33.7957,37.1281,3.784472344520437,25.847422,26.065073,23.20626683613011,29.06965236058206,0.01604500927058562,Low,22.10627457058215,29.06965236058206,0.006150804874200055,0.004602373777469637,0,0.0,1.0613260726881026,1.024290303625854
32.5885,37.1281,3.7831734266068,25.824322,26.200863,23.2341146066517,29.098316715962625,0.017355225438683616,High,24.345505763991017,29.098316715962625,-0.03572052065795328,0.0009860577286926464,0,-0.0,1.0234149527838228,1.024290303625854
32.1658,37.1281,3.764147815207053,25.821833,26.088812,23.200723203801765,29.067672207101666,0.016403456625388828,Low,22.098883485322467,29.067672207101666,-0.012970833269405069,-0.0010531368243767991,0,-0.0,1.0101404080658478,1.024290303625854
32.2093,37.1281,3.7672764902942095,25.829882,26.342253,23.266877872573552,29.13487688269086,0.01557607291264407,Low,22.139202021602973,29.13487688269086,0.0013523680430769236,0.0023120074806946,0,0.0,1.0115064896727368,1.024290303625854
31.7978,37.1281,3.7578069969867895,25.854553,25.686543,23.106750749246697,28.972756594087926,0.015556869245226104,Low,22.04123184894538,28.972756594087926,-0.012775813196809649,-0.0055644748133207855,-1,-0.0,0.9985836717133173,1.024290303625854
32.9499,37.1281,3.754199532499049,25.862799,24.92067,22.916442133124765,28.778553792275517,0.017991852511312502,High,23.906559079874857,28.778553792275517,0.036232066369371596,-0.006702945271422234,-1,-0.036232066369371596,1.034764421582205,0.9871781493633782
32.4939,37.1281,3.7483690175425632,25.818495,24.005613,22.67514425438564,28.532314635094224,0.01734869692477577,High,23.569908152631385,28.532314635094224,-0.01383919222820107,-0.008556342301237696,-1,0.01383919222820107,1.0204441178410255,1.0008398975358979
32.1989,37.1281,3.715883644881359,25.694086,24.177671,22.67893516122034,28.541742556010945,0.017284940294534284,High,23.5817124967322,28.541742556010945,-0.009078627065387535,0.000330429586148151,0,0.009078627065387535,1.0111798862540784,1.009926149717787
31.3518,37.1281,3.714871419954741,25.553307,24.467703,22.715995354988685,28.579274463067456,0.01724457698555658,High,23.63379921299321,28.579274463067456,-0.026308352148675884,0.0013149830282035424,0,-0.0,0.9845774097208481,1.009926149717787
30.6886,37.1281,3.7016156204327126,25.409216,24.896847,22.78394465510818,28.650723498798406,0.017490027469769253,High,23.731579393064905,28.650723498798406,-0.021153490389706486,0.0025000297269015537,0,-0.0,0.963750160946396,1.009926149717787
31.0866,37.1281,4.158422602954337,25.289352,24.510372,22.771561650738587,28.551897129635726,0.0181429479373251,High,23.622881790443152,28.551897129635726,0.012968985225784158,-0.0034493498625549623,0,0.0,0.9762490225450569,1.009926149717787
31.2725,37.1281,4.149887422589287,25.174566,24.619726,22.768069855647322,28.549419096267144,0.0181920370426986,High,23.619700313388392,28.549419096267144,0.005980068582604803,-8.679049792492677e-05,0,0.0,0.9820870586535771,1.009926149717787
31.6947,37.1281,4.114170596179656,25.068594,24.690624,22.750372149044914,28.53752450240131,0.01810870828194684,High,23.602066889426947,28.53752450240131,0.013500679510752178,-0.00041663172990402675,0,0.0,0.9953459012841164,1.009926149717787
31.1349,37.1281,4.11409260661547,24.985855,24.973314,22.80034040165387,28.588355366211715,0.01821829454718845,High,23.67203804099232,28.588355366211715,-0.01766225898967344,0.0017811938735654564,0,-0.0,0.9777658441913264,1.009926149717787
30.7883,37.1281,4.102936189672568,24.928486,25.744488,22.976002547418144,28.7701097888397,0.016299744990777392,Low,22.031808766385396,28.7701097888397,-0.011132202126873714,0.006357638286629053,1,-0.0,0.9668811571810353,1.009926149717787
30.2379,37.1281,4.0993517419923045,24.964678,25.613813,22.951485685498078,28.745829458554297,0.016309811713433205,Low,22.016381759697307,28.745829458554297,-0.01787692077834757,-0.0008439429137953036,0,-0.01787692077834757,0.9495962993320329,0.9918717799473005
30.9417,37.1281,4.095424997217011,25.018114,25.50919,22.937707249304253,28.73268696781547,0.017537263534208394,High,23.868085149582555,28.73268696781547,0.023275425872828492,-0.00045719643462627246,0,0.0,0.9716985576062479,0.9918717799473005
31.2597,37.1281,4.081211443368969,25.078491,26.345066,23.158217110842244,28.96146204820156,0.017767943556600083,High,24.179641666505344,28.96146204820156,0.010277392644877148,0.007962188870200393,1,0.0,0.9816850852152281,0.9918717799473005
31.6673,37.1281,4.0907153871395305,25.207731,26.99452,23.355266596784887,29.162064349008705,0.018110216791612694,High,24.45361015807093,29.162064349008705,0.013039152647018382,0.006926525341616863,1,0.013039152647018382,0.9944854268926507,1.004804947492303
31.5762,37.1281,4.090196927823721,25.388994,26.366398,23.243422231955932,29.048401908608604,0.018018907185904667,High,24.297131739173558,29.048401908608604,-0.0028767845695717442,-0.0038976129755357025,0,-0.0028767845695717442,0.991624506561902,1.0019143401239279
32.0114,37.1281,4.098169634379495,25.564138,26.356533,23.286735158594876,29.09203405158241,0.018299969288283837,High,24.356175295156923,29.09203405158241,0.013782532413653348,0.001502049686281648,0,0.0,1.0052916034657644,1.0019143401239279
32.512,37.1281,4.106553918699965,25.700388,25.402042,23.08427097967499,28.883693063440518,0.016954209251341487,Low,22.09749337154499,28.883693063440518,0.015638178898767174,-0.007161444530571104,-1,0.0,1.0210125334061906,1.0019143401239279
32.9533,37.1281,4.131781181399544,25.741749,24.437958,22.859897045349886,28.649340543325206,0.01692279161860263,Low,21.967914463489837,28.649340543325206,0.013573449803149451,-0.008113661906064995,-1,-0.013573449803149451,1.034871195776766,0.9883149061212001
32.7979,37.1281,4.154504328507975,25.679216,24.852615,22.953608832126996,28.740788368247436,0.016976978925625552,Low,22.028686164977792,28.740788368247436,-0.004715764430269553,0.003191969629595448,0,0.004715764430269553,1.0299909870018114,0.9929755664013916
32.6826,37.1281,4.166830994432625,25.606287,24.852345,22.938390748608157,28.722572916480544,0.016704366626035347,Low,22.022020648051416,28.722572916480544,-0.0035154689781966564,-0.0006337839983198146,0,-0.0,1.0263700856391844,0.9929755664013916
32.1645,37.1281,4.187023464860871,25.532118,23.179974,22.50680386621522,28.276430867292287,0.014976121978918061,Low,21.767107012701306,28.276430867292287,-0.01585247195755557,-0.01553280238805721,-1,-0.0,1.0100995826385153,0.9929755664013916
31.1816,37.1281,4.206755904525592,25.327826,23.109764,22.4431114761314,28.206605824903622,0.016145689483036844,Low,21.732838066583955,28.206605824903622,-0.030558535030856926,-0.0024693725568254443,0,0.030558535030856926,0.9792324191578022,1.0233194450320537
30.7553,37.1281,4.258539585225551,25.08309,22.641983,22.277928146306387,28.0266491827374,0.016284711329170264,Low,21.644084804828942,28.0266491827374,-0.013671524232239607,-0.006379946714727969,-1,-0.0,0.9658448194102918,1.0233194450320537
30.7506,37.1281,4.28697480339701,24.811659,22.689934,22.229166950849255,27.97019224685084,0.015261845847267662,Low,21.620515131188952,27.97019224685084,-0.00015281918888776502,-0.002014401918633113,0,0.00015281918888776502,0.9656972197883981,1.0234758278796166
30.7081,37.1281,4.303194155476248,24.583603,23.775978,22.44771878886906,28.189997711729912,0.01449922417756252,Low,21.754890104416685,28.189997711729912,-0.001382086853589759,0.007858561104592265,1,-0.0,0.9643625423563803,1.0234758278796166
31.7597,37.1281,4.325363113886366,24.440596,24.056894,22.487738278471593,28.22620592810777,0.016174382182108274,Low,21.78333558986023,28.22620592810777,0.03424503632592035,0.0012844348817662166,0,0.03424503632592035,0.9973871726507314,1.0585247947840555
32.2023,37.1281,4.345098840860136,24.359222,24.268198,22.525154710215034,28.260473408832045,0.016394573925413027,Low,21.809732594301046,28.260473408832045,0.013935899898298798,0.0012140307064842926,0,0.0,1.0112866604486392,1.0585247947840555
32.2511,37.1281,4.628205100468383,24.325403,24.545301,22.656752275117096,28.34204550159013,0.01615370736563188,Low,21.945312385163934,28.34204550159013,0.0015154197060458507,0.0028864375899870787,0,0.0,1.0128191841823444,1.0585247947840555
32.6128,37.1281,4.649025549844417,24.326601,24.474625,22.644587887461107,28.325689506479012,0.0156820494429923,Low,21.942177842445545,28.325689506479012,0.011215121344698264,-0.0005770929663562185,0,0.0,1.0241780742331876,1.0585247947840555
32.0852,37.1281,4.656002497241238,24.344172,24.545181,22.668363874310312,28.348810049798825,0.01595013494615459,Low,21.957838824034432,28.348810049798825,-0.016177697100524968,0.0008162393827879644,0,-0.0,1.0076092315712442,1.0585247947840555
32.165,37.1281,4.667488152870568,24.360456,25.411837,22.891970288217642,28.57574715981208,0.01523598488305407,Low,22.094299803504697,28.57574715981208,0.002487128021642304,0.008005172337555155,1,0.0,1.0101152847259505,1.0585247947840555
31.44,37.1281,4.675317885093424,24.451464,25.605675,22.965139221273358,28.649617186412645,0.015501301785940013,Low,22.139767109782696,28.649617186412645,-0.022540027980724298,0.0025850601976367127,0,-0.022540027980724298,0.9873472579444702,1.0346656162913324
32.4113,37.1281,4.674820716222744,24.593332,25.976912,23.093291179055687,28.781584007156297,0.01678879149228443,Low,22.21655885067796,28.781584007156297,0.030893765903307724,0.004606233300954443,0,0.0,1.0178501329966794,1.0346656162913324
32.3458,37.1281,4.681460287305471,24.747292,25.102005,22.914714321826366,28.598112912322783,0.01660166194736908,Low,22.110740650556913,28.598112912322783,-0.002020900118168689,-0.006374600327344604,-1,-0.0,1.0157931595426284,1.0346656162913324
31.3502,37.1281,4.674393176571483,24.841694,25.11893,22.94077929414287,28.626545804821916,0.01806910231082968,High,23.75659237648572,28.626545804821916,-0.030779884869132856,0.0009942226812762467,0,0.030779884869132856,0.9845271630410536,1.06651250483883
30.7112,37.1281,4.67224991005404,24.928503,25.151373,22.97005647751351,28.65731260340361,0.018290846364132612,High,23.798009086508102,28.65731260340361,-0.02038264508679366,0.001074764618528068,0,-0.0,0.96445989529848,1.06651250483883
30.154,37.1281,4.667129842582496,25.012716,25.704556,23.128125460645624,28.8205351732714,0.018144030474837102,High,24.020329676387377,28.8205351732714,-0.018143218109354264,0.005695669099425649,1,-0.0,0.9469614890603547,1.06651250483883
29.6178,37.1281,4.634146257572319,25.126623,26.146711,23.25889506439308,28.961149816712787,0.017935367127775853,High,24.21000383863585,28.961149816712787,-0.01778205213238715,0.0048789740577681595,0,-0.01778205213238715,0.9301225704945205,1.0475477238779431
29.533,37.1281,4.632683671621186,25.254377,25.63623,23.162847667905297,28.86360989248349,0.017942614569491325,High,24.075830000743178,28.86360989248349,-0.0028631431098865567,-0.00336795758616637,0,-0.0,0.9274594964654591,1.0475477238779431
29.4397,37.1281,4.619085809227203,25.335491,25.931805,23.2536204523068,28.959482845162853,0.01794442282074293,High,24.20563147138408,28.959482845162853,-0.003159177868824803,0.0033215856587756054,0,-0.0,0.924529486949994,1.0475477238779431
29.2487,37.1281,4.612044178343195,25.444841,25.39569,23.1451687945858,28.85020370239809,0.017769275412038533,High,24.055207476751477,28.85020370239809,-0.006487837851608558,-0.0037735184481381134,0,-0.0,0.9185312895496316,1.0475477238779431
29.5238,37.1281,4.603673882258189,25.502388,25.10215,23.08407797056455,28.789454462934362,0.01692224729715488,Low,22.196801558790366,28.789454462934362,0.009405546229405148,-0.002105678008043954,0,0.0,0.9271705780566458,1.0475477238779431
29.8511,37.1281,4.570308255422276,25.527725,24.242632,22.86719131385557,28.573682588769522,0.016974568593974844,Low,22.0599964393978,28.573682588769522,0.01108597131805511,-0.007494823302144904,-1,0.0,0.9374491644919264,1.0475477238779431
29.8425,37.1281,4.571453102895373,25.459747,24.278458,22.859439525723843,28.565231605820696,0.01697409155308285,Low,22.05557433601338,28.565231605820696,-0.00028809658605533084,-0.0002957610704386049,0,0.00028809658605533084,0.9371790885880359,1.0478495188009225
31.0194,37.1281,4.56153942876585,25.347206,23.886047,22.730723107191462,28.434766105443817,0.019270180895780385,High,23.485084464314877,28.434766105443817,0.039437044483538575,-0.0045672831285671345,0,0.0,0.9741386619937245,1.0478495188009225
30.7954,37.1281,4.559035688703784,25.206486,24.539608,22.858307422175947,28.56529305756966,0.017629651907893038,High,23.664203253305566,28.56529305756966,-0.0072212873234169805,0.0045904000631415975,0,-0.0,0.9671041268226188,1.0478495188009225
31.123,37.1281,4.555809276901048,25.10303,23.752876,22.634953819225263,28.336685995927656,0.017493621997495906,High,23.35215349153516,28.336685995927656,0.01063795242146548,-0.008002965738222123,-1,0.0,0.9773921345103608,1.0478495188009225
31.1474,37.1281,4.538803119816857,24.95983,23.384474,22.502801779954215,28.203897126494656,0.01748762126892103,High,23.170541867972528,28.203897126494656,0.0007839861195899633,-0.00468611147584741,0,-0.0007839861195899633,0.9781583963772134,1.0470280193227635
31.53,37.1281,4.597351378083278,24.787073,23.465206,22.494432594520816,28.18359683847505,0.017530392087620576,High,23.14711535671249,28.18359683847505,0.012283529283342975,-0.0007197689003245467,0,0.0,0.9901736336828607,1.0470280193227635
31.2379,37.1281,4.591506128992892,24.629519,24.021744,22.592717282248223,28.284667733340065,0.01729315487051527,High,23.285882969348933,28.284667733340065,-0.00926419283222335,0.0035861602564168926,0,-0.0,0.9810004742030394,1.0470280193227635
31.2738,37.1281,4.592056726080017,24.527557,23.745855,22.498392181520003,28.18751086727082,0.01728074145083574,High,23.153717708912,28.18751086727082,0.001149244987659337,-0.0034349657908381293,0,0.0,0.9821278840809087,1.0470280193227635
31.2576,37.1281,4.590644135218218,24.431782,24.55861,22.677284033804558,28.370579082031984,0.016539332737936917,Low,21.950119247326377,28.370579082031984,-0.0005180054870210782,0.006494656999803672,1,-0.0,0.9816191364479984,1.0470280193227635
31.3689,37.1281,4.5698457418777085,24.398952,24.016216,22.528278435469428,28.221721690750663,0.014884648538596348,Low,21.8565562096572,28.221721690750663,0.0035607340294840917,-0.005246892946770942,-1,0.0035607340294840917,0.9851144211111416,1.0507562076209893
30.5717,37.1281,4.571073025877599,24.357437,24.880798,22.7343520064694,28.43237180721831,0.015815399327607057,Low,21.98044580905716,28.43237180721831,-0.025413705931671138,0.007464112883541318,1,0.025413705931671138,0.9600790129039746,1.0774598168873473
29.9271,37.1281,4.558636596308508,24.357065,25.401085,22.861221649077127,28.564641643825297,0.015038886774884783,Low,22.054080308707977,28.564641643825297,-0.021084859526948163,0.004652085921773352,0,-0.021084859526948163,0.9398358817821232,1.0547417280023463
28.8344,37.1281,4.550762549097113,24.409662,25.090263,22.794696887274277,28.498212301379574,0.01643242758814416,Low,22.01259064218399,28.498212301379574,-0.0365120576333825,-0.0023255794094683147,0,-0.0,0.9055205399005735,1.0547417280023463
28.9489,37.1281,4.5391446738849925,24.457495,25.081324,22.801515918471246,28.507582914326978,0.016101919804027982,Low,22.014358485859745,28.507582914326978,0.003970951363649,0.0003288140620296698,0,0.0,0.9091163179233038,1.0547417280023463
28.5552,37.1281,4.478216210821522,24.505728,25.13324,22.81132105270538,28.529256008033915,0.01591102444073084,Low,22.008055873787534,28.529256008033915,-0.013599825900120543,0.0007602571488460885,0,-0.0,0.8967524942765882,1.0547417280023463
28.291,37.1281,4.463478637189709,24.569677,24.815336,22.74414790929743,28.463498625484274,0.015999397645431734,Low,21.964804473016397,28.463498625484274,-0.0092522552809996,-0.0023049105287261673,0,-0.0,0.8884555112756681,1.0547417280023463
28.853,37.1281,4.434157196761727,24.627491,24.910263,22.775002799190432,28.500848687254756,0.016725306043722014,Low,21.977453118866602,28.500848687254756,0.01986497472694504,0.0013122090949508891,0,0.0,0.9061046575531743,1.0547417280023463
28.4382,37.1281,4.408741048117744,24.696987,24.87941,22.778309512029438,28.509302839012445,0.01695610669475881,Low,21.97435391684121,28.509302839012445,-0.014376321353065658,0.00029662807063957075,0,-0.0,0.8930782058166803,1.0547417280023463
28.5358,37.1281,4.379204690996369,24.770699,26.022606,23.075152422749092,28.81918882012218,0.016810191746764572,Low,22.14655239184873,28.81918882012218,0.00343200343200345,0.010869644300304682,1,0.0,0.8961432532840906,1.0547417280023463
29.0474,37.1281,4.265201336051457,24.900686,26.99906,23.323261834012865,29.095239345774644,0.01714748396575212,High,24.373906300407718,29.095239345774644,0.017928356660755984,0.009578705610885141,1,0.017928356660755984,0.912209629148098,1.0736515138869545
29.6867,37.1281,4.233977775849349,25.11764,26.669628,23.28733644396234,29.06524450440434,0.017919004779100346,High,24.329855466377403,29.06524450440434,0.02200885449300105,-0.0010309192171900072,0,0.02200885449300105,0.9322863181431329,1.0972813538322828
29.9103,37.1281,4.18924056467651,25.327997,26.014225,23.164890641169126,28.949139110828376,0.015465252835011127,Low,22.16240249763678,28.949139110828376,0.00753199244105951,-0.003994647062348644,0,0.0,0.9393082916442902,1.0972813538322828
30.5982,37.1281,4.149734150384285,25.498867,26.928526,23.426306787596072,29.22503400252808,0.01634892639992525,Low,22.311350902634498,29.22503400252808,0.022998766311270735,0.009530331476990561,1,0.0,0.9609112235380561,1.0972813538322828
30.6267,37.1281,4.107664590398301,25.69646,26.62148,23.388426147599574,29.194984880846654,0.01615336836538475,Low,22.280208606639402,29.194984880846654,0.0009314273388632,-0.0010281980058202134,0,0.0009314273388632,0.96180624252188,1.0983033916836669
29.9538,37.1281,3.967283660600767,25.867556,26.62725,23.397547415150193,29.231386210360775,0.016832023914269828,Low,22.257605181210266,29.231386210360775,-0.0219710252818619,0.0012468350185035337,0,-0.0,0.9406743732511791,1.0983033916836669
30.2649,37.1281,3.931470471330419,26.014812,27.193617,23.566999867832607,29.41229606254276,0.01675352798077708,Low,22.352114014965647,29.41229606254276,0.010385994431424406,0.006188890628726407,1,0.0,0.9504442120535495,1.0983033916836669
29.9137,37.1281,3.884388534112343,26.165384,26.437683,23.40388888352809,29.25471948329892,0.01681563516167079,Low,22.24483103693932,29.25471948329892,-0.011604201566831618,-0.005357506904893339,-1,-0.011604201566831618,0.9394150658388516,1.0855584577450348
30.64,37.1281,3.844814917253481,26.260235,26.383774,23.404230979313372,29.26290158624098,0.017811621638924423,High,24.571340387588023,29.26290158624098,0.02427984502084346,0.00027968488799667846,0,-0.02427984502084346,0.9622239180476644,1.0592012666299195
29.8415,37.1281,4.29448721128373,26.308096,25.08946,23.205035802820934,28.974811339780594,0.01867950144194021,High,24.20253268169256,28.974811339780594,-0.026060704960835568,-0.009844896809407366,-1,-0.0,0.937147684413165,1.0592012666299195
29.6302,37.1281,4.173884654553932,26.215958,25.078262,23.149051163638482,28.939673779212157,0.018659849325587466,High,24.148274698183087,28.939673779212157,-0.007080743260224898,-0.0012126933340959045,0,0.007080743260224898,0.9305119822629211,1.066701198859831
29.1983,37.1281,4.148741697512266,26.077658,24.011463,22.841490674378065,28.628777249728614,0.01811434904655229,High,23.722718604626838,28.628777249728614,-0.014576344405370145,-0.010742917555168319,-1,-0.0,0.9169485191361331,1.066701198859831
30.3327,37.1281,4.11415660044301,25.853672,24.003302,22.774807650110755,28.56598395778021,0.0197032687343915,High,23.636279390066452,28.56598395778021,0.03885157697537189,-0.0021933626923936744,0,-0.03885157697537189,0.9525734151098038,1.0252581751226066
30.366,37.1281,4.088751881624507,25.609447,24.081251,22.726887470406126,28.520598547435,0.01763519384905553,High,23.574272082243674,28.520598547435,0.0010978251194255773,-0.0015887921246574566,0,0.0,0.9536191741330083,1.0252581751226066
30.0403,37.1281,4.06456433353773,25.37613,24.624119,22.798228333384436,28.59718037695056,0.017885538380854864,High,23.678986800030657,28.59718037695056,-0.010725811763156234,0.0026851410354586935,0,-0.0,0.9433908343775211,1.0252581751226066
31.1494,37.1281,3.998229925639108,25.202496,24.545238,22.718515981409777,28.527213183679816,0.019092706315372424,High,23.580656388845867,28.527213183679816,0.03692040359117588,-0.0024466465696435513,0,0.0,0.9782212047269554,1.0252581751226066
30.7854,37.1281,3.992986209514754,25.032982,24.870047,22.75602880237869,28.565876249453446,0.01919264273096638,High,23.634223081427212,28.565876249453446,-0.011685618342568427,0.0013553046883580944,0,-0.0,0.9667900850739087,1.0252581751226066
31.3722,37.1281,3.978907197065241,24.921816,24.637014,22.666459299266307,28.476291926232392,0.01915937587946206,High,23.511641579559786,28.476291926232392,0.0190609834531954,-0.0031360607474020252,0,0.0,0.9852180548882159,1.0252581751226066
30.9212,37.1281,3.9744446365768695,24.846596,24.450293,22.59985840914422,28.40858678155883,0.019159348259609063,High,23.41929284548653,28.40858678155883,-0.014375784930607316,-0.002377596944467042,0,-0.0,0.9710547720213917,1.0252581751226066
30.2726,37.1281,3.971472453423857,24.78847,24.254057,22.535524863355967,28.34299919898639,0.01998177062653826,High,23.329820318013578,28.34299919898639,-0.020975900029753025,-0.0023087238755226114,0,-0.0,0.9506860242000563,1.0252581751226066
31.1102,37.1281,3.968932277429548,24.730692,24.769253,22.649244319357386,28.45969488659461,0.020473639161458165,High,23.489535591614434,28.45969488659461,0.027668584792848838,0.004117266729217306,0,0.0,0.976990161072012,1.0252581751226066
30.6822,37.1281,3.984553054355709,24.712818,23.637009,22.36562001358893,28.16619962654985,0.020345822477889238,High,23.089337408153355,28.16619962654985,-0.013757545756697076,-0.01031266361829497,-1,-0.0,0.963549174227221,1.0252581751226066
31.354,37.1281,3.990935927907484,24.62633,23.780022,22.381346981976872,28.180733058701563,0.02080541445085112,High,23.110078589186124,28.180733058701563,0.021895431227226148,0.0005159883954672928,0,-0.021895431227226148,0.9846464989055637,1.0028097052590583
31.8983,37.1281,4.006422678667972,24.52848,24.070236,22.433309669666997,28.230623293766556,0.02055056083469444,High,23.179729001800194,28.230623293766556,0.01735982649741663,0.001770366830453618,0,0.0,1.001739791287853,1.0028097052590583
32.4654,37.1281,4.022783180361169,24.472033,24.583622,22.551634545090295,28.348499108062537,0.020835585865509234,High,23.342111727054174,28.348499108062537,0.017778376904098447,0.004175459148364258,0,0.0,1.0195490988572014,1.0028097052590583
32.4989,37.1281,4.073558610729341,24.465635,24.559118,22.556602902682336,28.344042861516023,0.01999534065528127,High,23.3389123416094,28.344042861516023,0.001031867773075179,-0.0001571951491867729,0,0.0,1.02060113871538,1.0028097052590583
32.1585,37.1281,4.1050721222726345,24.475435,25.986765,22.923843030568158,28.714308120084485,0.020202750835854773,High,23.846745818340892,28.714308120084485,-0.010474200665253397,0.013063247906359488,1,-0.0,1.009911157589289,1.0028097052590583
31.8654,37.1281,4.126249330908416,24.581114,26.06243,22.974473332727108,28.762656333976803,0.020113992581680337,High,23.913392799636263,28.762656333976803,-0.009114231074210388,0.0016837673291698607,0,-0.009114231074210388,1.000706593934597,0.9936698658818665
31.7372,37.1281,4.155335085280766,24.71415,26.326744,23.081082271320195,28.866975338941064,0.019552179829424067,High,24.056828162792115,28.866975338941064,-0.004023172469198588,0.003626890498324098,0,-0.0,0.9966805787161338,0.9936698658818665
31.0656,37.1281,4.184000697659461,24.874321,26.033138,23.054889924414866,28.835475939113273,0.01921059123515254,High,24.01442575464892,28.835475939113273,-0.02116128707006293,-0.0010911915591412802,0,-0.0,0.9755895348727652,0.9936698658818665
31.1859,37.1281,5.194648183800071,25.033953,26.364012,23.430178295950018,29.031118387657205,0.01908825592563342,High,24.33769997757001,29.031118387657205,0.0038724505562421907,0.00678478305532515,1,0.0,0.9793674571097474,0.9936698658818665
30.863,37.1281,5.232289881301215,25.210136,26.960562,23.632771970325305,29.232330260052834,0.018909245031737996,High,24.613802782195183,29.232330260052834,-0.010354038203162386,0.006930903236617159,1,-0.010354038203162386,0.969227049043899,0.9833813701291944
30.8795,37.1281,5.2578076868363945,25.407734,26.273153,23.5166986717091,29.10952787718273,0.01691575142750154,Low,22.587200740392735,29.10952787718273,0.0005346207432848082,-0.004200909806972075,0,0.0005346207432848082,0.9697452179292706,0.9839071062082253
32.0214,37.1281,5.2893587998232015,25.546494,26.840275,23.7010569499558,29.293041042955075,0.018729060492190617,High,24.69798796997348,29.293041042955075,0.03697922569989798,0.00630423023508353,1,0.0,1.005605645214474,0.9839071062082253
32.1444,37.1281,5.31853625600196,25.688383,26.850107,23.74628156400049,29.334511423632144,0.01845569579272883,High,24.755466938400296,29.334511423632144,0.003841181210065603,0.0014157075947238695,0,0.003841181210065603,1.0094683587236077,0.9876864716970424
31.9896,37.1281,5.386697663603296,25.820019,26.985367,23.830045915900822,29.40810277479072,0.0167662515920173,Low,22.800987082261155,29.40810277479072,-0.004815768843095425,0.002508695307578579,0,-0.0,1.0046069924535759,0.9876864716970424
32.8852,37.1281,5.416549768649031,25.956324,27.240026,23.935249942162258,29.510853505486214,0.01746176158118145,High,25.000419965297354,29.510853505486214,0.02799659889464068,0.003493959861415208,0,0.0,1.03273257146805,0.9876864716970424
32.9621,37.1281,5.432181869755851,26.092573,27.603775,24.064157467438964,29.640546501886924,0.01707081998398269,High,25.177764080463376,29.640546501886924,0.0023384379599333815,0.004394755860808841,0,0.0,1.0351475525156304,0.9876864716970424
33.9901,37.1281,5.451793310484876,26.2585,26.906239,23.93615807762122,29.506498033149743,0.017712601315406595,High,24.99464264657273,29.506498033149743,0.03118733333131085,-0.004522469541128338,0,0.0,1.067431044283026,0.9876864716970424
33.3804,37.1281,5.467048550313686,26.36662,26.391405,23.838293387578425,29.403877605120158,0.017490716579537876,High,24.854581032547053,29.403877605120158,-0.0179375759412298,-0.003477892493859991,0,-0.0,1.0482839188641728,0.9876864716970424
32.6236,37.1281,5.482728409685255,26.428638,27.20368,24.060786602421317,29.629088250291595,0.01768437168259872,High,25.162935561452784,29.629088250291595,-0.022671987154138318,0.007659215842070521,1,-0.0,1.0245172393217945,0.9876864716970424
32.3532,37.1281,5.4920663225395225,26.519896,27.606743,24.186701330634882,29.756699180075685,0.017460202090444098,High,25.337348598380927,29.756699180075685,-0.008288478279527722,0.00430694757483252,0,-0.008288478279527722,1.0160255504366742,0.9795000538293981
32.1438,37.1281,5.4860262212525495,26.61639,27.99719,24.30692655531314,29.881388091516737,0.016972650278742892,Low,23.106981177438392,29.881388091516737,-0.006472311857868895,0.004190280336084484,0,-0.0,1.0094495162186852,0.9795000538293981
31.6318,37.1281,5.483060910966178,26.749025,27.597878,24.239515977741547,29.813481113867482,0.016955344424737333,Low,23.06594176883816,29.813481113867482,-0.01592842165518704,-0.002272550975251808,0,-0.0,0.9933705786847293,0.9795000538293981
32.2175,37.1281,5.475112378764734,26.871662,27.230019,24.176223344691184,29.75068208698816,0.0169974618194987,Low,23.026376482567656,29.75068208698816,0.018516176758831326,-0.0021063969899882684,0,0.0,1.0117640039066784,0.9795000538293981
31.9093,37.1281,5.420467210111885,26.95438,27.62381,24.281689302527973,29.86930441861968,0.017120245350512164,High,25.484651581516783,29.86930441861968,-0.009566229533638504,0.003987213848902105,0,-0.0,1.002085237211434,0.9795000538293981
31.5597,37.1281,5.407197223196433,27.053602,27.980186,24.39227130579911,29.985483723119994,0.01713494268746267,High,25.642120383479465,29.985483723119994,-0.0109560535643215,0.0038895885512448825,0,-0.0,0.9911063376765297,0.9795000538293981
31.8844,37.1281,5.379509488635842,27.16672,28.225811,24.475035122158964,30.075934557755353,0.01718868728707987,High,25.763527273295377,30.075934557755353,0.01028843746930419,0.003016487426735104,0,0.0,1.0013032732571456,0.9795000538293981
32.2768,37.1281,5.356174198562259,27.284868,27.960455,24.432399299640565,30.037156683184477,0.01736601630900833,High,25.708504179784338,30.037156683184477,0.012306958888986586,-0.0012893323230375175,0,0.0,1.013626271476529,0.9795000538293981
32.364,37.1281,5.32943586623224,27.366423,27.84834,24.41807471655806,30.027853281299144,0.016565637635081572,Low,23.14235200318128,30.027853281299144,0.002701630892777418,-0.0003097297784694364,0,0.0,1.0163647155252806,0.9795000538293981
33.4962,37.1281,5.230571083528476,27.442741,27.973585,24.44374927088212,30.07301306588578,0.018120752803705707,High,25.749514762529273,30.07301306588578,0.034983314794216014,0.0015039298401915424,0,0.0,1.0519205223142354,0.9795000538293981
33.1899,37.1281,5.207340553182624,27.510466,28.629944,24.618962638295656,30.257117430757578,0.018073208943486428,High,25.999459582977394,30.257117430757578,-0.009144320848335052,0.006121912841538402,1,-0.0,1.0423014235512458,0.9795000538293981
33.8208,37.1281,5.290368712393432,27.617205,28.86039,24.724015928098357,30.349617745243112,0.018367526883850398,High,26.129928556859014,30.349617745243112,0.019008794844214583,0.0030571423301382072,0,0.019008794844214583,1.0621143174773642,0.9981191694025383
33.6064,37.1281,5.262477563253839,27.755428,28.253267,24.59981814081346,30.228245338323802,0.016854856041579894,Low,23.238006397138843,30.228245338323802,-0.006339294162172271,-0.003999141206262213,0,-0.0,1.0553812623850203,0.9981191694025383
33.6711,37.1281,5.233974885570571,27.849232,27.760695,24.49300047139264,30.124594290153794,0.01685259029889108,Low,23.168215259949697,30.124594290153794,0.0019252285278994474,-0.003428946900817853,0,0.0,1.0574131124991744,0.9981191694025383
34.227,37.1281,5.146232963669613,27.894766,27.857477,24.506643990917404,30.15521256872871,0.017041819874080443,High,25.85443499455044,30.15521256872871,0.016509707137574825,0.0010163880807823045,0,0.0,1.0748706933099672,0.9981191694025383
34.8448,37.1281,5.131818845238712,27.929697,26.908152,24.27444196130968,29.920244424520952,0.016423954098628162,Low,23.01664894583355,29.920244424520952,0.018050077424255795,-0.007791957814000772,-1,0.0,1.0942721925452756,0.9981191694025383
34.1269,37.1281,5.107896563159782,27.875298,26.344584,24.113969640789946,29.760134045879674,0.017254581813398336,High,25.31235818447397,29.760134045879674,-0.02060278721645703,-0.005351238992889362,-1,0.02060278721645703,1.0717271354053794,1.0186832062664057
34.0356,37.1281,5.093083447881947,27.749743,25.534096,23.87625561197049,29.51889413368051,0.015829831085552068,Low,22.76999005675868,29.51889413368051,-0.0026753089205289182,-0.008106143333469373,-1,0.0026753089205289182,1.0688599342396565,1.0214084985353233
32.5991,37.1281,5.079385598746288,27.527182,26.033178,23.94196139968657,29.58778538487309,0.018064520803714096,High,25.077248839811944,29.58778538487309,-0.04220580803629148,0.0023338018992375975,0,0.04220580803629148,1.0237478370374544,1.064517869551142
32.3758,37.1281,5.043190848094753,27.314915,25.997555,23.87094021202369,29.520901823591604,0.01740103986145158,High,24.98505812721421,29.520901823591604,-0.006849882358715531,-0.0022605125869163967,0,-0.0,1.0167352847887583,1.064517869551142
31.9232,37.1281,5.047172505647977,27.109806,26.07761,23.840672126411995,29.488258732768358,0.017585192769299346,High,24.9418864758472,29.488258732768358,-0.013979577338629423,-0.0011057619790313389,0,-0.0,1.0025217552421404,1.064517869551142
32.3299,37.1281,5.041653347703693,26.913527,26.335398,23.854669586925922,29.502771950357634,0.017766821264854044,High,24.962586752155552,29.502771950357634,0.012739950882117101,0.0004921693654684756,0,0.0,1.015293833162179,1.064517869551142
32.0585,37.1281,5.044897323955012,26.73921,26.666828,23.894758830988753,29.542461957202953,0.01747907152838086,High,25.01806289859325,29.542461957202953,-0.008394705829588123,0.0013452975507557419,0,-0.0,1.0067707401021877,1.064517869551142
32.0851,37.1281,5.048572205518068,26.60867,26.067808,23.71328755137952,29.355339123408488,0.016976605851766257,Low,22.663306971931323,29.355339123408488,0.0008297331440958455,-0.006334029779425432,-1,0.0,1.0076060911537563,1.064517869551142
31.7576,37.1281,5.057381836942256,26.452276,25.403376,23.510283459235566,29.145086916545562,0.016996074173201377,Low,22.54326644292979,29.145086916545562,-0.010207230147326829,-0.007162315719775325,-1,0.010207230147326829,0.9973212238835015,1.0753836484415924
31.0248,37.1281,5.073159962046101,26.256077,25.480782,23.484529740511526,29.114895359428015,0.01760845292269673,High,24.438089644306913,29.114895359428015,-0.023074791545960704,-0.0010359055440115617,0,0.023074791545960704,0.9743082445380273,1.1001979019613166
31.4866,37.1281,5.077520013262225,26.079401,25.674593,23.489903503315556,29.1188101135806,0.017788583430624248,High,24.444740901989334,29.1188101135806,0.014884866300507893,0.00013445880894491502,0,0.0,0.9888106924934584,1.1001979019613166
31.7214,37.1281,5.088606017763193,25.933002,25.116327,23.316508754440797,28.93850093802577,0.017637562238006117,High,24.199771052664477,28.93850093802577,0.007457140497862502,-0.006192188995756354,-1,0.0,0.9961843927531708,1.1001979019613166
32.3248,37.1281,5.098014711363645,25.793018,25.70833,23.431865677840914,29.05427498956412,0.01817354506483679,High,24.359389006704546,29.05427498956412,0.01902185906044518,0.004000692772106351,0,-0.01902185906044518,1.0151336718703368,1.079270092531611
32.285,37.1281,5.125504980908525,25.703018,25.999249,23.488967995227128,29.107213716574268,0.0162130561874327,Low,22.544101793317985,29.107213716574268,-0.0012312527842401888,0.001822063260197071,0,-0.0,1.0138837857104706,1.079270092531611
31.5028,37.1281,5.143542227871658,25.667152,26.36426,23.575763556967914,29.19257269986796,0.01691261999069159,Low,22.59978657975508,29.19257269986796,-0.024227969645346015,0.002932571427992192,0,-0.0,0.9893194401263687,1.079270092531611
31.6273,37.1281,5.148403342635195,25.664558,27.009089,23.7375375856588,29.35733996231748,0.01622753419811963,Low,22.697823219922316,29.35733996231748,0.003952029660855505,0.0056441501111774706,1,0.0,0.9932292598978091,1.079270092531611
32.3678,37.1281,5.158421417348431,25.739338,27.265408,23.822816854337105,29.443132390032922,0.01725767676754135,High,24.894639312602266,29.443132390032922,0.023413316976156784,0.0029223501797357443,0,0.023413316976156784,1.0164840513897901,1.1045393853109398
32.9583,37.1281,5.165409887079598,25.850243,27.277693,23.8553614717699,29.475639407317612,0.017816448427726995,High,24.93880408306194,29.475639407317612,0.01824343946761897,0.0011040611051185145,0,0.0,1.0350282166511198,1.1045393853109398
32.3171,37.1281,5.016563460856522,25.985096,26.765215,23.72374361521413,29.369323424362314,0.017779875548103372,High,24.78430836912848,29.369323424362314,-0.019454886932881776,-0.0036069101499763834,0,-0.0,1.01489185972383,1.1045393853109398
31.7207,37.1281,5.024547947179248,26.0802,26.690823,23.730917736794815,29.375590143757044,0.017405731374737325,High,24.792755242076886,29.375590143757044,-0.018454626188612266,0.0002133763622738094,0,-0.0,0.9961624098307611,1.1045393853109398
31.4699,37.1281,5.019257419136783,26.173353,26.69064,23.752837604784197,29.399439156861394,0.017016264080865363,Low,22.681174046697876,29.399439156861394,-0.0079065089988557,0.0008118649868016359,0,-0.0,0.9882862427731124,1.1045393853109398
31.3849,37.1281,5.0192591576178325,26.253359,26.579826,23.745136039404457,29.391900384642103,0.01701616727884191,Low,22.67655345516624,29.391900384642103,-0.002700993647898442,-0.0002564257154386018,0,-0.0,0.9856168879090768,1.1045393853109398
31.7009,37.1281,5.016579651434601,26.316746,26.010021,23.617861662858648,29.26232452081829,0.014677886011379268,Low,22.599652928002108,29.26232452081829,0.010068536143177154,-0.004408556851652867,0,0.0,0.995540607168315,1.1045393853109398
31.5923,37.1281,4.991819403620172,26.325825,25.125704,23.39286210090504,29.036559424196405,0.014629555365512022,Low,22.459701141267058,29.036559424196405,-0.003425770246270554,-0.00771521402755504,-1,-0.0,0.9921301137773237,1.1045393853109398
32.3926,37.1281,4.993064214146729,26.280813,24.293676,23.173913303536683,28.811881069939048,0.015430175426259934,Low,22.328580824951352,28.811881069939048,0.025332122067718954,-0.007737774678295062,-1,-0.025332122067718954,1.0172628749265908,1.0765590587736398
32.7025,37.1281,4.981971746305138,26.154137,23.835684,23.024973186576286,28.66086155200926,0.015317318481266912,Low,22.236998261206796,28.66086155200926,0.009566999870340709,-0.0052415709187192405,-1,-0.009566999870340709,1.0269950287191159,1.0662596183979383
32.3007,37.1281,4.977115031320553,25.959187,23.77763,22.96050800783014,28.5948946091565,0.015462762239046534,Low,22.197347810962192,28.5948946091565,-0.012286522437122582,-0.002301638516101545,0,0.012286522437122582,1.0143768312559451,1.0793602411231822
32.4174,37.1281,4.970488744537292,25.736458,24.576607,23.102913436134322,28.74101582604755,0.015478496764744037,Low,22.281465810588053,28.74101582604755,0.003612924797295358,0.0051100456528438976,1,0.0,1.0180416984633915,1.0793602411231822
32.7078,37.1281,4.938531860550377,25.58153,23.736864,22.846256465137593,28.483459418140338,0.015365158015999263,Low,22.12108025119263,28.483459418140338,0.008958152103499817,-0.008961284091907218,-1,0.008958152103499817,1.0271614708459318,1.089029314337634
32.6071,37.1281,4.938508771808431,25.365381,23.599197,22.75779669295211,28.391918511595595,0.014288808439101686,Low,22.06799977013295,28.391918511595595,-0.0030787763163525605,-0.0032138268459920294,0,0.0030787763163525605,1.0239990704364215,1.0923821919984302
32.7168,37.1281,4.926452631310763,25.153301,24.194084,22.850484407827693,28.48818286146202,0.01399617633405837,Low,22.121201170958766,28.48818286146202,0.003364297959646656,0.003390554598383666,0,0.0,1.0274441084197707,1.0923821919984302
33.0243,37.1281,4.920760603687695,24.99777,24.224083,22.817678400921928,28.45497017021504,0.014042598056639077,Low,22.100379161290693,28.45497017021504,0.009398840962441257,-0.0011658409877699505,0,0.0,1.0371008921926055,1.0923821919984302
34.1282,37.1281,4.91324790440871,24.881071,24.300112,22.80563272610218,28.44353121036978,0.015271419458316867,Low,22.09164921654305,28.44353121036978,0.033426900797291825,-0.00040200217314700915,0,0.0,1.0717679608327106,1.0923821919984302
34.5585,37.1281,4.876617115601676,24.791792,24.555664,22.83804327890042,28.483201965591874,0.015390864396533758,Low,22.103769390460588,28.483201965591874,0.0126083414888567,0.0013947197669896827,0,0.0,1.085281177279705,1.0923821919984302
35.0611,37.1281,4.8738686409610095,24.745953,24.66113,22.852262910240253,28.49808066623321,0.014099389360876829,Low,22.111751474336355,28.49808066623321,0.014543455300432662,0.0005223675575278808,0,0.0,1.1010649155698735,1.0923821919984302
34.6419,37.1281,4.85831228246217,24.750294,23.528059,22.566191320615545,28.208019514352607,0.014627716737187482,Low,21.936997248861758,28.208019514352607,-0.011956270624709497,-0.01017826973253999,-1,-0.0,1.0879002854639472,1.0923821919984302
34.8064,37.1281,4.848274645547637,24.665556,23.409472,22.512850661386906,28.15489892229317,0.013948156606237272,Low,21.90298532594167,28.15489892229317,0.004748584806260503,-0.0018831734015359869,0,-0.004748584806260503,1.0930662722302278,1.0871949225188768
35.3514,37.1281,4.83553477652401,24.57847,24.597597,22.784925444131005,28.43556658092807,0.013817945060380704,Low,22.063682221783402,28.43556658092807,0.01565803990070802,0.009968697078598598,1,0.0,1.1101815475349268,1.0871949225188768
35.0205,37.1281,5.048831328213961,24.556744,23.996706,22.68259533205349,28.290686210673364,0.013097006895923238,Low,22.044943464874887,28.290686210673364,-0.009360308219759306,-0.005095040742106427,-1,-0.009360308219759306,1.0997899060701106,1.0770184429491427
34.431,37.1281,5.037705237765943,24.516895,24.00311,22.671452559441484,28.28118501552549,0.012954228964100692,Low,22.03603258321808,28.28118501552549,-0.016832997815565243,-0.00033584180592582946,0,0.016832997815565243,1.0812771449836518,1.095147892046629
33.8338,37.1281,5.013257619994821,24.495438,23.192001,22.457199154998705,28.066234180484372,0.013575017410267334,Low,21.90259101699819,28.066234180484372,-0.017344834596729752,-0.007600488979620845,-1,-0.0,1.062522571750686,1.095147892046629
33.2368,37.1281,4.993988289560724,24.43628,22.757225,22.32889832239018,27.938181090486868,0.01433667281655466,Low,21.821756651346252,27.938181090486868,-0.017645076816674266,-0.004562531944044879,0,0.017645076816674266,1.043774279352695,1.1144718607274107
33.9243,37.1281,4.971874045343903,24.343267,23.76812,22.552840261335977,28.171282022375586,0.014802387471376908,Low,21.951698965870364,28.171282022375586,0.020684903480479466,0.00834345411155235,1,0.0,1.0653646495765126,1.1144718607274107
33.7432,37.1281,4.887705986288584,24.28845,23.75233,22.514146496572145,28.147187937145205,0.014855558960313328,Low,21.911649095201003,28.147187937145205,-0.005338356281485601,-0.0008552711662622725,0,-0.005338356281485601,1.0596773535073731,1.1085224128691575
33.9365,37.1281,4.868891687483941,24.259722,23.685442,22.485538921870983,28.12128880706062,0.013951745213632308,Low,21.89072169061938,28.12128880706062,0.005728561606486604,-0.0009201320623012377,0,0.0,1.065747780509939,1.1085224128691575
33.8976,37.1281,4.837751304716853,24.222923,23.452234,22.410252076179216,28.04985558245224,0.013868429706919127,Low,21.839321506650897,28.04985558245224,-0.0011462584532878628,-0.002540183172203836,0,-0.0,1.0645261581074565,1.1085224128691575
33.1521,37.1281,4.812992813012272,24.192408,24.310951,22.61111295325307,28.260085440778933,0.014543904840475593,Low,21.954886334554296,28.260085440778933,-0.02199270744831494,0.007494864196670337,1,-0.0,1.0411143457411205,1.1085224128691575
31.8115,37.1281,4.78677813834515,24.231995,24.602966,22.687459784586288,28.34336662662154,0.017271255368258936,High,23.37946807075177,28.34336662662154,-0.04043786064834498,0.002946954495842702,0,-0.04043786064834498,0.9990139089090482,1.0636961380119874
32.3555,37.1281,4.70001876805652,24.300076,24.882187,22.752595442014133,28.426637738045308,0.01760612860886404,High,23.488009865208475,28.426637738045308,0.0171007340112852,0.0029379400309332837,0,0.0,1.0160977800388762,1.0636961380119874
31.8377,37.1281,4.683843733133138,24.40097,25.073818,22.821682933283288,28.500869970176318,0.017943839767309712,High,23.587967359969973,28.500869970176318,-0.016003461544405018,0.0026113616677099216,0,-0.0,0.9998366982906687,1.0636961380119874
31.9757,37.1281,4.657118291220188,24.51677,24.517271,22.704814822805048,28.386688200155422,0.017957678406537524,High,23.42969709368303,28.386688200155422,0.0043344839608387975,-0.004006255603438702,0,0.0,1.0041704744228677,1.0636961380119874
32.8378,37.1281,4.638495281591078,24.600134,24.29532,22.66551232039777,28.350289132805447,0.01889729125722061,High,23.378398192238663,28.350289132805447,0.026961098584237453,-0.0012822583280347466,0,0.0,1.0312440135791632,1.0636961380119874
32.8583,37.1281,4.620034694321884,24.647337,24.63116,22.75665792358047,28.447307203959355,0.017178402640671244,High,23.509694154148285,28.447307203959355,0.0006242805547265196,0.0034221192841961123,0,0.0,1.0318877991640187,1.0636961380119874
33.2353,37.1281,4.56456917749748,24.687809,25.330544,22.92775554437437,28.63311898651006,0.017130275146772643,High,23.760323926624622,28.63311898651006,0.011473508976423075,0.0065317880957407315,1,0.0,1.0437271730903885,1.0636961380119874
33.6939,37.1281,4.560748223355689,24.749205,24.444483,22.720634055838925,28.421968580028004,0.01709361953599149,High,23.471118033503352,28.421968580028004,0.013798581628569506,-0.007374341809620377,-1,0.013798581628569506,1.0581291276862324,1.07837363600034
34.688,37.1281,4.546882288344434,24.755455,24.313396,22.68595832208611,28.38907974731363,0.018276240989984253,High,23.425345193251665,28.38907974731363,0.029503856781197824,-0.0011571623767638872,0,-0.029503856781197824,1.0893480179255008,1.0465574546871663
33.9682,37.1281,4.541317244366608,24.744785,24.175714,22.64747906109165,28.35066555579304,0.01882529450852568,High,23.372587236654994,28.35066555579304,-0.020750691881918804,-0.001353132678568958,0,-0.0,1.0667432928533498,1.0465574546871663
34.2441,37.1281,4.535794585592856,24.722687,24.816374,22.800738896398215,28.508573576770136,0.01854665156589125,High,23.588255537838926,28.508573576770136,0.008122302624219202,0.005569817070655292,1,0.0,1.0754077047002608,1.0465574546871663
34.5365,37.1281,4.515241982656611,24.737637,24.55877,22.734937245664153,28.445096733944066,0.01857546635707897,High,23.500243747398493,28.445096733944066,0.008538697177031818,-0.0022265878247165194,0,0.008538697177031818,1.084590285432543,1.0554936918711053
35.5558,37.1281,4.520759664455917,24.752777,26.004309,23.10148641611398,28.819550074973932,0.019311088977003264,High,24.012309049668385,28.819550074973932,0.02951370289403976,0.013164073391356279,1,0.0,1.116600560878561,1.0554936918711053
34.9433,37.1281,4.514643354645949,24.863325,26.442093,23.237040338661487,28.96001439433091,0.019304933135074483,High,24.203307803196893,28.96001439433091,-0.017226444068196956,0.004873924783404204,0,-0.017226444068196956,1.0973655037700691,1.037311288823753
35.6173,37.1281,4.632227949778571,25.04121,26.354906,23.289110987444644,28.99208350287924,0.019113282576483114,High,24.252689792466782,28.99208350287924,0.019288390049022164,0.001107358170188144,0,0.0,1.1185319176331279,1.037311288823753
34.7884,37.1281,4.6306854998385125,25.20089,25.623426,23.145775374959626,28.84626521398343,0.0195718250762811,High,24.052328424975776,28.84626521398343,-0.02327239852543561,-0.005029589849288696,-1,-0.0,1.09250099708255,1.037311288823753
35.6459,37.1281,4.609341008646567,25.319416,25.699493,23.189087502161644,28.89514414679303,0.020164795748756483,High,24.117234301296982,28.89514414679303,0.024649020938013688,0.0016944631288318135,0,-0.024649020938013688,1.1194300770344388,1.0117425811462983
34.8825,37.1281,4.610317602124415,25.4075,25.72125,23.216791900531106,28.923720902125275,0.0208684951402248,High,24.15582514031866,28.923720902125275,-0.021416207754608396,0.000988981234600228,0,-0.0,1.095456129937912,1.0117425811462983
35.234,37.1281,4.597645959086675,25.48257,25.882185,23.27262523977167,28.98360870297184,0.020942001206381743,High,24.236526143863003,28.98360870297184,0.010076686017344016,0.0020705427579397195,0,0.0,1.1064946974050711,1.0117425811462983
34.7781,37.1281,4.589617360901893,25.561424,26.407145,23.421571590225472,29.138009566948938,0.020485681787181197,High,24.446656754135283,29.138009566948938,-0.01293920644831692,0.005327178736071803,1,-0.0,1.0921775340813789,1.0117425811462983
35.8684,37.1281,4.578013554290626,25.681503,27.582344,23.742490138572656,29.469395376101218,0.018765417648889476,High,24.898263483143594,29.469395376101218,0.031350188768219045,0.011372973448679602,1,0.031350188768219045,1.126417505943238,1.04346090205008
35.3494,37.1281,4.519327659847025,25.887001,27.252865,23.696823414961756,29.434520669435326,0.019123402831640303,High,24.846067248977054,29.434520669435326,-0.014469560950585936,-0.001183421180543598,0,-0.014469560950585936,1.1101187391851852,1.028362480928313
34.4853,37.1281,4.506553925634497,26.094292,27.598614,23.831889981408626,29.576156301056443,0.019687076892340297,High,25.037715188845176,29.576156301056443,-0.024444545027638376,0.00481188850369807,0,-0.0,1.082982391679148,1.028362480928313
33.619,37.1281,4.480078432009905,26.320162,27.25116,23.794875108002476,29.544194621493283,0.020748512813691347,High,24.991189464801487,29.544194621493283,-0.025120848593458756,-0.0010806569737399352,0,-0.0,1.0557769549883942,1.028362480928313
33.3634,37.1281,4.458566321461652,26.5137,27.257137,23.839375830365412,29.594650051314694,0.020050238689409916,High,25.057792898219247,29.594650051314694,-0.007602843630090117,0.0017077950666053443,0,-0.0,1.0477500478913648,1.028362480928313
33.6541,37.1281,4.434169759937071,26.675238,26.996784,23.80857293998427,29.568380000858767,0.020124029590491144,High,25.01954816399056,29.568380000858767,0.00871314074704621,-0.0008876621419877662,0,0.0,1.0568792415263668,1.028362480928313
33.8892,37.1281,4.344700745154645,26.785824,26.711056,23.742420186288662,29.517878474204096,0.020030472516669538,High,24.944828111773198,29.517878474204096,0.006985775878719069,-0.0017079571709104346,0,0.0,1.0642623630385406,1.028362480928313
34.3512,37.1281,4.325199740034217,26.840137,26.925207,23.804660935008556,29.585518126921304,0.020024998250284375,High,25.035865361005133,29.585518126921304,0.01363266173294142,0.002291480831738024,0,0.0,1.078771091828946,1.028362480928313
34.5383,37.1281,4.29416232011958,26.860312,27.25467,23.884311080029896,29.673001708215857,0.018924935096069732,High,25.153583048017936,29.673001708215857,0.00544668017420058,0.0029569731014764677,0,0.0,1.0846468129473115,1.028362480928313
33.9856,37.1281,4.270416849082471,26.879477,27.543373,23.95534171227062,29.750285991294355,0.018679727220949516,High,25.25777502736237,29.750285991294355,-0.016002524733411905,0.002604532019997885,0,-0.0,1.0672897254961058,1.028362480928313
34.0475,37.1281,4.246220909249086,26.915857,27.58021,23.967596977312276,29.767531908470055,0.0185918503221978,High,25.279771586387362,29.767531908470055,0.0018213596346687844,0.0005796891223415201,0,0.0,1.0692336439206211,1.028362480928313
34.2728,37.1281,4.172087180141766,26.945906,27.091524,23.83440429503544,29.645141604787398,0.01854964690131059,High,25.108128577021265,29.645141604787398,0.00661722593435643,-0.004111536826734152,0,0.0,1.076309004519059,1.028362480928313
33.9139,37.1281,4.1623396492034495,26.931648,27.6236,23.96142191230086,29.776998348045602,0.01728821459866095,High,25.287902747380517,29.776998348045602,-0.01047186106766873,0.004447836512843972,0,-0.0,1.0650380461578546,1.028362480928313
34.4271,37.1281,4.143090864670383,26.946081,27.564432,23.945425966167594,29.76428610683302,0.017323966168947928,High,25.269358179700557,29.76428610683302,0.015132438321750152,-0.00042691479725376347,0,0.0,1.0811546687016556,1.028362480928313
33.6701,37.1281,4.132914765888868,26.952547,27.582825,23.949096691472217,29.769981250270177,0.01728841664399592,High,25.276532414883327,29.769981250270177,-0.02198849162433103,0.0001913415096439497,0,-0.0,1.057381708324303,1.028362480928313
33.9095,37.1281,4.123766946554712,26.970345,27.306343,23.882138736638677,29.703194943250924,0.01670745451839652,Low,22.57965663129415,29.703194943250924,0.007110165992973094,-0.0022434111213505137,0,0.0,1.064899867788422,1.028362480928313
34.2986,37.1281,4.191763488895885,26.985106,27.568449,23.968354622223973,29.77881745994868,0.01587593426715066,Low,22.644985471113557,29.77881745994868,0.01147466049337198,0.0025459388069948297,0,0.0,1.0771192322307308,1.028362480928313
35.4392,37.1281,4.199282802806184,27.008385,27.60771,23.985869450701546,29.795448576229926,0.016989146570789596,Low,22.656998230982165,29.795448576229926,0.03325500166187534,0.0005584881368649874,0,0.0,1.1129388340886017,1.028362480928313
35.5694,37.1281,4.196842754873364,27.046137,27.975391,24.08661768871834,29.899257669160274,0.016867584838953,Low,22.716959164205676,29.899257669160274,0.003673897830650974,0.003484058736848983,0,0.0,1.117027657656807,1.028362480928313
34.632,37.1281,4.202611484914289,27.110718,27.553654,23.998770871228572,29.808485448344,0.017681750297452985,High,25.332136922737142,29.808485448344,-0.0263541133671078,-0.003035935601501616,0,-0.0,1.0875893841327247,1.028362480928313
34.2834,37.1281,4.208156100419242,27.123148,27.166658,23.906515525104812,29.71301215870683,0.016169857836583455,Low,22.611160535146738,29.71301215870683,-0.010065835065835027,-0.0032028896537737994,0,-0.0,1.0766418887726916,1.028362480928313
34.4344,37.1281,4.217600220366572,27.12626,27.239956,23.92797905509164,29.73323867823384,0.01596139010014489,Low,22.6259274771283,29.73323867823384,0.004404463967984329,0.0006807293524793145,0,0.0,1.0813839191782135,1.028362480928313
34.7972,37.1281,4.231584371793599,27.126593,27.601414,24.0219228429484,29.826836733183963,0.015176226046725166,Low,22.685090580127756,29.826836733183963,0.010535975652254725,0.003147926667626866,0,0.0,1.092777353821415,1.028362480928313
34.2007,37.1281,4.232982126483462,27.121838,27.554272,24.009298031620865,29.813623585135915,0.014557905660294697,Low,22.677795244269213,29.813623585135915,-0.017142183853873227,-0.0004429952852944563,0,-0.0,1.0740447635108592,1.028362480928313
34.0517,37.1281,4.23984777066675,27.112427,27.30136,23.94543369266669,29.74688547651828,0.014475287622619584,Low,22.64084976973336,29.74688547651828,-0.004356635975287126,-0.0022385104724710336,0,-0.0,1.0693655414550791,1.028362480928313
34.097,37.1281,4.243697961149747,27.074738,27.159897,23.901608240287437,29.70111293850082,0.0143652071216116,Low,22.61532453640241,29.70111293850082,0.001330330056942941,-0.0015387337963025383,0,0.0,1.0707881505767358,1.028362480928313
35.061,37.1281,4.231769936244554,27.02819,27.038782,23.85671048406114,29.6571607713038,0.015587911438435482,Low,22.586000277685596,29.6571607713038,0.028272282018945827,-0.0014798154967468058,0,0.0,1.1010617751523868,1.028362480928313
34.7242,37.1281,4.233664154131221,26.979084,26.357843,23.674672788532806,29.470147335740275,0.015526748793682817,Low,22.477156503945928,33.19101418662848,-0.009606115056615572,0.11915683509205066,1,-0.0,1.0904848490558317,1.028362480928313
34.2681,37.1281,4.220863916923562,26.890882,25.399483,23.409832229230894,29.200910216068838,0.0157787868342792,Low,22.315692120923245,33.247580216044355,-0.013134931834282937,0.0017042573359709046,0,-0.013134931834282937,1.076161404897165,1.0148550098403855
34.8352,37.1281,4.211722988395342,26.713795,26.069592,23.530802497098836,29.325748166100293,0.015749895432706246,Low,22.386446095938368,33.067742979938096,0.016548918673635393,-0.00540903232468859,-1,0.0,1.0939707124665135,1.0148550098403855
35.062,37.1281,4.198097465367637,26.55602,26.415823,23.574510116341912,29.372378272949096,0.015792085146003425,Low,22.409945562878676,32.93788495223566,0.006510655888296801,-0.003927030271803411,0,-0.006510655888296801,1.1010931793272578,1.0082476380948007
33.9908,37.1281,4.128743909894361,26.450266,26.530708,23.559454477473594,29.369495228862945,0.01728543783609681,High,24.731867486484155,32.894779074296274,-0.030551594318635522,-0.001308702061528777,0,-0.0,1.0674530272054348,1.0082476380948007
34.0078,37.1281,4.111178747141011,26.37591,26.797064,23.603063186785256,29.417126887813605,0.017117952980943048,High,24.79643271207115,32.82799850208039,0.0005001353307365619,-0.0020301267889670793,0,0.0,1.0679868981782419,1.0082476380948007
34.9087,37.1281,4.079439636507555,26.358284,26.390728,23.48913790912689,29.30631598362523,0.017811128502697737,High,24.643285145476135,32.87794567551583,0.026490981480719045,0.0015214809222157122,0,0.0,1.0962789193195324,1.0082476380948007
35.1834,37.1281,4.052271154882797,26.335249,26.269783,23.4463507887207,29.267484804121047,0.017030719785954298,High,24.58881687323242,32.89080763151735,0.007869098534176278,0.00039120315266827355,0,0.0,1.104905646156598,1.0082476380948007
35.4548,37.1281,4.021896589849867,26.28963,26.386675,23.456575397462466,29.28345074174418,0.01704015495203328,High,24.60920623847748,32.8650554541983,0.007713865061364178,-0.0007829597134724198,0,0.0,1.1134287392165894,1.0082476380948007
35.5096,37.1281,3.913122856698565,26.25648,26.674818,23.49313021417464,29.3411331429197,0.016904990347157138,Low,22.3041226998445,32.868758732577646,0.0015456299288107989,0.00011268133670139235,0,0.0,1.1151496879995206,1.0082476380948007
36.2291,37.1281,4.371793419243284,26.261389,26.646189,23.60186785481082,29.36655492717835,0.015852375316419635,Low,22.46109939673515,32.63834992809015,0.020262126298240535,-0.007009963666779084,-1,0.0,1.1377449918192104,1.0082476380948007
36.4463,37.1281,4.333873608982236,26.270382,26.988344,23.68017490224556,29.453904025335156,0.015879743269385897,Low,22.500499663143785,32.62597750041044,0.0059951806696825205,-0.00037907638428313906,0,-0.0059951806696825205,1.144565978601193,1.0022030113446416
35.3212,37.1281,4.303133643062138,26.286478,27.564981,23.820673160765537,29.60363495784596,0.01632023224455713,Low,22.57865062507175,32.58860448152454,-0.030870074602909026,-0.0011454988248377207,0,-0.0,1.1092331414538226,1.0022030113446416
35.6827,37.1281,4.271835168947216,26.35846,27.072994,23.707847292236806,29.494258967198345,0.016219380742924724,Low,22.50469540913153,32.70388187659715,0.0102346466144978,0.0035373529154327787,0,0.0,1.1205857506696917,1.0022030113446416
36.1128,37.1281,4.175742868609821,26.415558,26.889727,23.652281967152454,29.455608866076712,0.016365416965400042,Low,22.45213775401344,32.80936011013444,0.012053460080095002,0.0032252511776826864,0,0.0,1.134092686281712,1.0022030113446416
36.5128,37.1281,4.158463758875016,26.456367,26.682835,23.606441439718754,29.41207571790183,0.016379806066815085,Low,22.421177615606254,32.86656525739561,0.011076405041979598,0.001743561808859928,0,0.0,1.146654356230115,1.0022030113446416
36.7575,37.1281,4.131593556980084,26.492628,26.479647,23.557992139245023,29.3676484544675,0.015726789000378192,Low,22.38673399494303,32.92546174949789,0.006701759383010986,0.0017919880474590588,0,0.0,1.1543389578210506,1.0022030113446416
34.9075,37.1281,4.113730576871493,26.513905,26.588358,23.586023394217875,29.399799236669573,0.01980249925001957,High,24.772066636530724,32.93607329888788,-0.05032986465347211,0.0003222900705452947,0,-0.0,1.096241234309687,1.0022030113446416
34.3635,37.1281,4.096868512135027,26.529514,27.080418,23.708725128033755,29.528699602855703,0.020164879978875023,High,24.947221476820253,32.90052255536651,-0.01558404354365095,-0.0010793862157991718,0,-0.0,1.0791573631798592,1.0022030113446416
34.2886,37.1281,4.050504383448297,26.573462,26.535917,23.571995845862073,29.397542924335607,0.01908500716263161,High,24.765073307517245,33.011771292406905,-0.0021796382789878166,0.003381366872005964,0,-0.0,1.0768051904820208,1.0022030113446416
34.4008,37.1281,4.050927868994332,26.6066,26.371895,23.539380717248584,29.364203756273483,0.01899418354156123,High,24.719327430349146,33.0503292552196,0.0032722245877636613,0.0011680064808143875,0,0.0,1.0803287389025475,1.0022030113446416
34.939,37.1281,4.041825396572923,26.624481,26.931355,23.68144034914323,29.511486107435083,0.01906020167971598,High,24.920031409485937,33.00479813401964,0.015644985000348832,-0.0013776298822431032,0,0.0,1.0972304658181238,1.0022030113446416
34.9748,37.1281,4.041515589328965,26.662514,26.601114,23.60831089733224,29.436810806625743,0.01871282368105697,High,24.817712138399344,33.06505371049048,0.0010246429491400644,0.0018256611122471345,0,0.0,1.098354735278506,1.0022030113446416
34.4525,37.1281,4.041733539426824,26.682598,26.672663,23.631273634856704,29.460376243366813,0.018955188109655362,High,24.84981638091402,33.06967031570656,-0.014933609341583165,0.00013962188770366701,0,-0.0,1.0819523347433788,1.0022030113446416
34.5929,37.1281,4.041596670603044,26.70422,26.455154,23.58226766765076,29.41030421784581,0.01761972346796512,High,24.781235400590454,33.10717410796355,0.004075175966910871,0.0011340842499774073,0,0.0,1.0863614808952682,1.0022030113446416
35.4322,37.1281,4.055194029820866,26.686022,26.380312,23.56240700745522,29.387334760164315,0.01836751840622553,High,24.750711004473132,33.096973616311445,0.024262204093903783,-0.000308105174390394,0,0.0,1.1127190048645048,1.0022030113446416
35.3519,37.1281,4.057952514055515,26.657364,26.376778,23.55504862851388,29.37915604519587,0.01747092466927304,High,24.739857577108328,33.077980131411095,-0.0022663001450657916,-0.000573873766240296,0,-0.0,1.1101972496223629,1.0022030113446416
34.7754,37.1281,4.068126745474605,26.639137,26.384628,23.55499793636865,29.377117524861404,0.017788012288908077,High,24.73775176182119,33.06044737024004,-0.016307468622620114,-0.0005300432826128576,0,-0.0,1.092092742809227,1.0022030113446416
34.6365,37.1281,4.077422122353266,26.63359,26.119837,23.48973728058832,29.3085107749705,0.017698306676351867,High,24.644527768352987,33.081251553782465,-0.003994202798530022,0.0006292771331688485,0,-0.0,1.0877307029196441,1.0022030113446416
34.3032,37.1281,4.096247065832806,26.616346,25.974112,23.453701266458204,29.26799879818155,0.01778919402464408,High,24.590312359874922,33.076735357430536,-0.009622796760642705,-0.00013651830386729458,0,-0.0,1.0772636914351374,1.0022030113446416
34.5513,37.1281,4.113597086353877,26.571995,25.403248,23.30423502158847,29.11146906662244,0.017175406117701096,High,24.37758961295308,33.10267645667615,0.007232561393689219,0.0007842702420686187,0,0.0,1.0850550672206343,1.0022030113446416
34.8419,37.1281,4.118970928867527,26.48653,26.047335,23.445233982216884,29.254500255599027,0.017244610333141074,High,24.573913389330126,32.97562301417692,0.008410682087215404,-0.003838162230341613,0,0.0,1.094181120438149,1.0022030113446416
34.4756,37.1281,4.130733153988368,26.425041,26.634184,23.579514538497094,29.389557786981307,0.0160143058888256,Low,22.399475353895927,32.86658335984096,-0.010513203929751302,-0.0033066745786449747,0,-0.0,1.082677771182899,1.0022030113446416
35.6238,37.1281,4.126462710684492,26.3997,26.040035,23.423574427671124,29.230532896823767,0.017622811584699794,High,24.542091656602672,32.91814786678098,0.03330471405863866,0.0015689037821626783,0,0.0,1.1187360447697896,1.0022030113446416
35.9073,37.1281,4.1430739252932565,26.357584,25.392538,23.255323981323315,29.054912537572857,0.017499560722674473,High,24.303218788793988,32.95428544829605,0.00795816280127326,0.0010978011782838415,0,0.0,1.12763912834572,1.0022030113446416
35.2592,37.1281,4.158651772189755,26.27471,26.05397,23.40385794304744,29.20375987893631,0.01772757393715161,High,24.508050765828465,32.82168680152277,-0.01804925460839435,-0.004023714820984847,0,-0.0,1.1072860826118203,1.0022030113446416
35.0923,37.1281,4.161905462961623,26.24581,25.412535,23.237087615740407,29.03221682247976,0.01763004935343261,High,24.27392156944424,32.872331659287624,-0.004733516358850998,0.0015430303162389247,0,-0.0,1.1020447258258492,1.0022030113446416
35.0414,37.1281,4.171282315578459,26.18664,25.142424,23.157111578894614,28.948288968911804,0.013508068287071795,Low,22.154143410452463,32.86007531403008,-0.001450460642363094,-0.00037284684836413895,0,-0.0,1.100446253324915,1.0022030113446416
34.8685,37.1281,4.178673615341036,26.107801,25.397264,23.202959653835258,28.99351698649789,0.013052104551178365,Low,22.18313051536936,32.7788749467994,-0.004934163589354501,-0.0024710949824271466,0,-0.0,1.0950164714897177,1.0022030113446416
34.4274,37.1281,4.186798076810371,26.046373,25.454578,23.20396226920259,28.99275272183263,0.0133841112433483,Low,22.185356976883632,32.7298964569872,-0.012650386451955153,-0.0014942089956319071,0,-0.0,1.0811640899541164,1.0022030113446416
34.8912,37.1281,4.1993750737850615,25.988678,25.400679,23.179208018446268,28.96478991769721,0.0136945839689735,Low,22.17301982582477,32.693172044589524,0.013471827672144832,-0.0011220448694647667,0,0.0,1.0957293462592896,1.0022030113446416
34.8538,37.1281,4.19954683132467,25.93158,25.94689,23.301529207831166,29.089790210389854,0.013243331981832017,Low,22.246446890963636,32.5973258333897,-0.001071903517219197,-0.0029316889492737586,0,-0.0,1.094554830119114,1.0022030113446416
34.9672,37.1281,4.205748770860492,25.907907,25.728842,23.242649442715123,29.02821941648248,0.013262122618663939,Low,22.21235941980117,32.60323466056036,0.0032535907132076325,0.00018126723648625997,0,0.0,1.098116063549486,1.0022030113446416
35.3087,37.1281,4.209854241058792,25.899578,25.667389,23.2262303102647,29.010596981776462,0.012937291538960984,Low,22.203329034370576,32.60264522424581,0.009766295270996928,-1.8079074689536512e-05,0,0.0,1.1088405892679352,1.0022030113446416
35.1491,37.1281,4.207252309515525,25.896172,25.111444,23.08574207737888,28.867181076576227,0.012983180983921096,Low,22.11851570833043,32.66289939956223,-0.004520132431950374,0.0018481376250907289,0,-0.0,1.103828482958522,1.0022030113446416
34.9413,37.1281,4.215911008160181,25.84506,24.565817,22.938722002040045,28.714756212267112,0.011824180867842258,Low,22.032035402856067,32.686316426135896,-0.005911957916418853,0.0007169304319010195,0,-0.0,1.0973026954203269,1.0022030113446416
34.7424,37.1281,4.21198446521076,25.752256,24.292267,22.84615186630269,28.6202759560124,0.011873827465721756,Low,21.975708012823766,32.66022431314664,-0.005692404117763061,-0.0007982579819972857,0,-0.0,1.0910564050384837,1.0022030113446416
35.3594,37.1281,4.213919368601181,25.631424,24.199762,22.793301342150293,28.565255643857814,0.011975611026480716,Low,21.944384679010415,32.593664767000725,0.017759279727364685,-0.002037939038867065,0,0.0,1.110432780933895,1.0022030113446416
34.6825,37.1281,4.213614195262166,25.50129,24.015932,22.714734048815544,28.484275317603647,0.01275522578078459,Low,21.89718326834176,32.53245986228181,-0.019143424379372997,-0.0018778159852977927,0,-0.0,1.0891752949637101,1.0022030113446416
33.5624,37.1281,4.197401204601569,25.350388,23.70191,22.594449801150393,28.363459183061202,0.014550151428855058,Low,21.821770121610548,32.48074350960376,-0.03229582642543072,-0.0015896846686963562,0,-0.0,1.0539994786906948,1.0022030113446416
33.5906,37.1281,4.201635852727099,25.163841,23.23973,22.433326713181778,28.19682745957985,0.014429723076348626,Low,21.725943198454484,32.41241004679633,0.0008402259671538292,-0.002103814612101629,0,0.0,1.0548850764220572,1.0022030113446416
33.9024,37.1281,4.193498063085476,24.939543,23.112452,22.343398265771373,28.10526767706027,0.014461909729895672,Low,21.670358572079916,32.2900286995426,0.00928235875512784,-0.0037757558625550747,0,0.0,1.064676898146837,1.0022030113446416
33.7388,37.1281,4.191546768580704,24.726967,23.16668,22.303323442145178,28.06365987846151,0.014325792488813858,Low,21.645923419003246,32.15187080305148,-0.004825617065458587,-0.004278655116001229,0,-0.0,1.0595391751379402,1.0022030113446416
33.184,37.1281,3.8998474839511457,24.521347,23.18383,22.183281120987786,27.994487253637935,0.01222394694636051,Low,21.5155581693829,32.17162456299507,-0.016443975482234086,0.0006143891304053462,0,-0.0,1.0421161389195053,1.0022030113446416
33.4401,37.1281,3.877257929398169,24.327967,23.424292,22.189404232349546,28.004147719374856,0.012212221960521377,Low,21.51471412528936,32.03569343048389,0.00771757473481216,-0.004225187082020576,0,0.0,1.0501587481039705,1.0022030113446416
33.3338,37.1281,3.881095996809915,24.165588,23.421225,22.149002249202482,27.961339036717682,0.011721431940700683,Low,21.49124054888347,31.932295913914402,-0.0031788182451608638,-0.0032275722950668717,0,-0.0,1.0468204843151823,1.0022030113446416
34.382,37.1281,3.873614179120934,24.02967,22.977703,22.002271794780235,27.811865539556635,0.013972793019196777,Low,21.40170591269233,31.899684709897528,0.031445559762163455,-0.001021260860941231,0,0.0,1.0797383404149723,1.0022030113446416
34.7655,37.1281,3.873463788586733,23.90007,23.13041,22.008010947146683,27.817205593148987,0.01422993209609377,Low,21.40511932600536,31.80178074112667,0.011154092257576798,-0.003069120264391878,0,0.0,1.0917818414780038,1.0022030113446416
34.6892,37.1281,3.872737256936991,23.79397,23.1748,21.99240181423425,27.800891287174103,0.014196110480434655,Low,21.39560853992795,31.730794071927157,-0.0021947045202860282,-0.0022321601981146744,0,-0.0,1.0893857029353458,1.0022030113446416
34.4506,37.1281,3.866877523374298,23.71134,23.453691,22.040002130843575,27.85038105636922,0.013985975095246097,Low,21.422996783181002,31.65141336239975,-0.006878221463740841,-0.002501693129628779,0,-0.0,1.0818926668111235,1.0022030113446416
34.2327,37.1281,3.8788315646947686,23.688486,23.320238,22.003913891173696,27.811078903569236,0.01368917820173037,Low,21.40373464764317,31.64557884397577,-0.00632499869378178,-0.00018433674215989626,0,-0.0,1.0750496971067312,1.0022030113446416
35.2881,37.1281,3.880649832325697,23.678888,23.18157,21.96730195808142,27.773198057034918,0.01541362064898148,Low,21.382131141313995,31.653852847412026,0.030830171152143926,0.0002614584323785696,0,0.0,1.1081936632655922,1.0022030113446416
35.607,37.1281,3.890885058187246,23.651005,22.752155,21.855536264546814,27.65668688930576,0.015517320944198887,Low,21.317118770365536,31.67825211775181,0.009037040815458974,0.0007708151818801579,0,0.0,1.1182084546319564,1.0022030113446416
35.859,37.1281,3.901500309185296,23.603765,22.94343,21.89419882729632,27.694089252684282,0.015449058845156259,Low,21.342439358214854,31.622169742135583,0.007077260089308313,-0.0017703746850603608,0,0.0,1.1261223066994503,1.0022030113446416
36.3198,37.1281,3.933689816081096,23.56275,22.864544,21.872270954020273,27.665418109669275,0.01561646201510018,Low,21.335720535628383,31.58852340425525,0.01285033046097217,-0.0010640110452478924,0,0.0,1.1405933504800105,1.0022030113446416
36.2561,37.1281,3.958979526586144,23.523844,22.829912,21.860208881646535,27.648154018685542,0.01553648945768591,Low,21.33354123430515,31.554898913969662,-0.0017538642833935247,-0.0010644527398534498,0,-0.0,1.1385929045407275,1.0022030113446416
37.1414,37.1281,3.974071249902788,23.50315,22.949293,21.888653562475696,27.67436812301629,0.01620030825666763,Low,21.353626387465976,31.521036483912702,0.024417960012246054,-0.0010731275086407477,0,0.0,1.16639502055403,1.0022030113446416
36.8631,37.1281,3.997268739326677,23.490473,23.12482,21.93516543483167,27.717602479728853,0.016010851225232516,Low,21.386173008764338,31.48185092745499,-0.007492986263307078,-0.0012431557089727097,0,-0.0,1.157655238687429,1.0022030113446416
37.4841,37.1281,4.020283482700642,23.490248,23.776918,22.10388737067516,27.886093611118206,0.01549935817325028,Low,21.492009118945226,31.398232213328626,0.01684611440708994,-0.002656092690326517,0,0.0,1.1771572312823244,1.0022030113446416
37.745,37.1281,4.083868422541945,23.538294,22.973074,21.930834105635487,27.69714373435253,0.012933566249789964,Low,21.40089414788968,31.483803563775254,0.0069602844939586905,0.002725355678155017,0,0.0,1.1853505805061701,1.0022030113446416
38.6309,37.1281,4.116952581021908,23.547173,22.894737,21.921740645255475,27.681667950273244,0.013441284882637738,Low,21.40205490335767,31.480901290058377,0.023470658365346342,-9.218307155922645e-05,0,0.0,1.2131715390243953,1.0022030113446416
37.1281,37.1281,4.138191702394669,23.52959,22.954813,21.937673675598667,27.69392893938639,0.01690214503438114,Low,21.415862545838134,31.452328962909277,-0.0389015011299243,-0.0009076082951323672,0,-0.0,1.1659773450282458,1.0022030113446416
36.9662,37.1281,4.16574729666929,23.50616,22.908638,21.927161324167322,27.67789499421997,0.01688867924533366,Low,21.41506625383425,31.428500974277064,-0.0043605786452849404,-0.0007575905956062057,0,-0.0,1.1608930091166296,1.0022030113446416
